id;name;created_at;updated_at
1;boo eclipse pfft;2024-08-06T18:24:50;2024-08-06T18:51:46
2;geez;2024-08-07T06:53:05;2024-08-06T16:50:16
3;although scarily;2024-08-06T16:13:28;2024-08-07T11:03:31
4;ah surprisingly;2024-08-07T09:32:17;2024-08-07T06:40:50
5;perch to;2024-08-06T15:12:16;2024-08-07T03:36:46
6;beside or per;2024-08-07T11:35:41;2024-08-07T02:01:38
7;superior while;2024-08-06T13:14:18;2024-08-06T18:20:46
8;soulmate;2024-08-06T15:10:41;2024-08-06T20:40:49
9;factorize furniture judgementally;2024-08-06T15:39:34;2024-08-07T08:40:06
10;quicker ignite um;2024-08-07T00:36:29;2024-08-06T19:12:50
